code,system
H14y500,readv2
H03..00,readv2
H03z.00,readv2
H035100,readv2
H03..12,readv2
H037.00,readv2
H033.00,readv2
H031.00,readv2
H030.00,readv2
H14y600,readv2
H03..11,readv2
AA12.00,readv2
AA1z.12,readv2
AA11.00,readv2
AA10.00,readv2
AA1z.11,readv2
H02z.00,readv2
H02..00,readv2
H02..13,readv2
H021.00,readv2
AA1..00,readv2
AA1z.00,readv2
H023z00,readv2
H035.00,readv2
H035z00,readv2
H023.00,readv2
H022.00,readv2
H032.00,readv2
H02..12,readv2
H02..11,readv2
AA1..11,readv2
1C9Z.00,readv2
R041.00,readv2
1C9..11,readv2
1C9..00,readv2